,date,region,sales
0,2018-02-06,north,1638.0
1,2018-02-06,south,1647.0
2,2018-02-06,east,1731.0
3,2018-02-06,west,1557.0
28,2018-02-07,north,1587.0
29,2018-02-07,south,1698.0
30,2018-02-07,east,1542.0
31,2018-02-07,west,1635.0
56,2018-02-08,north,1602.0
57,2018-02-08,south,1536.0
58,2018-02-08,east,1503.0
59,2018-02-08,west,1701.0
84,2018-02-09,north,1758.0
85,2018-02-09,south,1662.0
86,2018-02-09,east,1782.0
87,2018-02-09,west,1515.0
112,2018-02-10,north,1662.0
113,2018-02-10,south,1557.0
114,2018-02-10,east,1650.0
115,2018-02-10,west,1674.0
140,2018-02-11,north,1554.0
141,2018-02-11,south,1587.0
142,2018-02-11,east,1563.0
143,2018-02-11,west,1764.0
168,2018-02-12,north,1758.0
169,2018-02-12,south,1608.0
170,2018-02-12,east,1569.0
171,2018-02-12,west,1653.0
196,2018-02-13,north,1572.0
197,2018-02-13,south,1716.0
198,2018-02-13,east,1773.0
199,2018-02-13,west,1725.0
224,2018-02-14,north,1767.0
225,2018-02-14,south,1710.0
226,2018-02-14,east,1698.0
227,2018-02-14,west,1512.0
252,2018-02-15,north,1746.0
253,2018-02-15,south,1734.0
254,2018-02-15,east,1524.0
255,2018-02-15,west,1614.0
280,2018-02-16,north,1578.0
281,2018-02-16,south,1782.0
282,2018-02-16,east,1527.0
283,2018-02-16,west,1752.0
308,2018-02-17,north,1785.0
309,2018-02-17,south,1689.0
310,2018-02-17,east,1641.0
311,2018-02-17,west,1575.0
336,2018-02-18,north,1644.0
337,2018-02-18,south,1674.0
338,2018-02-18,east,1551.0
339,2018-02-18,west,1737.0
364,2018-02-19,north,1563.0
365,2018-02-19,south,1647.0
366,2018-02-19,east,1605.0
367,2018-02-19,west,1539.0
392,2018-02-20,north,1698.0
393,2018-02-20,south,1575.0
394,2018-02-20,east,1500.0
395,2018-02-20,west,1551.0
420,2018-02-21,north,1737.0
421,2018-02-21,south,1542.0
422,2018-02-21,east,1665.0
423,2018-02-21,west,1548.0
448,2018-02-22,north,1635.0
449,2018-02-22,south,1632.0
450,2018-02-22,east,1668.0
451,2018-02-22,west,1764.0
476,2018-02-23,north,1533.0
477,2018-02-23,south,1563.0
478,2018-02-23,east,1641.0
479,2018-02-23,west,1773.0
504,2018-02-24,north,1629.0
505,2018-02-24,south,1698.0
506,2018-02-24,east,1725.0
507,2018-02-24,west,1722.0
532,2018-02-25,north,1596.0
533,2018-02-25,south,1710.0
534,2018-02-25,east,1635.0
535,2018-02-25,west,1659.0
560,2018-02-26,north,1686.0
561,2018-02-26,south,1533.0
562,2018-02-26,east,1524.0
563,2018-02-26,west,1530.0
588,2018-02-27,north,1665.0
589,2018-02-27,south,1695.0
590,2018-02-27,east,1578.0
591,2018-02-27,west,1620.0
616,2018-02-28,north,1767.0
617,2018-02-28,south,1593.0
618,2018-02-28,east,1743.0
619,2018-02-28,west,1557.0
644,2018-03-01,north,1668.0
645,2018-03-01,south,1782.0
646,2018-03-01,east,1527.0
647,2018-03-01,west,1668.0
672,2018-03-02,north,1635.0
673,2018-03-02,south,1569.0
674,2018-03-02,east,1746.0
675,2018-03-02,west,1773.0
700,2018-03-03,north,1539.0
701,2018-03-03,south,1500.0
702,2018-03-03,east,1569.0
703,2018-03-03,west,1557.0
728,2018-03-04,north,1773.0
729,2018-03-04,south,1644.0
730,2018-03-04,east,1614.0
731,2018-03-04,west,1674.0
756,2018-03-05,north,1533.0
757,2018-03-05,south,1653.0
758,2018-03-05,east,1557.0
759,2018-03-05,west,1746.0
784,2018-03-06,north,1719.0
785,2018-03-06,south,1719.0
786,2018-03-06,east,1659.0
787,2018-03-06,west,1800.0
812,2018-03-07,north,1581.0
813,2018-03-07,south,1602.0
814,2018-03-07,east,1608.0
815,2018-03-07,west,1650.0
840,2018-03-08,north,1611.0
841,2018-03-08,south,1530.0
842,2018-03-08,east,1698.0
843,2018-03-08,west,1668.0
868,2018-03-09,north,1746.0
869,2018-03-09,south,1524.0
870,2018-03-09,east,1506.0
871,2018-03-09,west,1704.0
896,2018-03-10,north,1788.0
897,2018-03-10,south,1719.0
898,2018-03-10,east,1746.0
899,2018-03-10,west,1584.0
924,2018-03-11,north,1692.0
925,2018-03-11,south,1635.0
926,2018-03-11,east,1608.0
927,2018-03-11,west,1590.0
952,2018-03-12,north,1599.0
953,2018-03-12,south,1518.0
954,2018-03-12,east,1602.0
955,2018-03-12,west,1659.0
980,2018-03-13,north,1644.0
981,2018-03-13,south,1611.0
982,2018-03-13,east,1554.0
983,2018-03-13,west,1515.0
1008,2018-03-14,north,1515.0
1009,2018-03-14,south,1632.0
1010,2018-03-14,east,1512.0
1011,2018-03-14,west,1776.0
1036,2018-03-15,north,1677.0
1037,2018-03-15,south,1503.0
1038,2018-03-15,east,1605.0
1039,2018-03-15,west,1647.0
1064,2018-03-16,north,1506.0
1065,2018-03-16,south,1737.0
1066,2018-03-16,east,1590.0
1067,2018-03-16,west,1767.0
1092,2018-03-17,north,1593.0
1093,2018-03-17,south,1614.0
1094,2018-03-17,east,1710.0
1095,2018-03-17,west,1662.0
1120,2018-03-18,north,1650.0
1121,2018-03-18,south,1755.0
1122,2018-03-18,east,1698.0
1123,2018-03-18,west,1659.0
1148,2018-03-19,north,1683.0
1149,2018-03-19,south,1509.0
1150,2018-03-19,east,1500.0
1151,2018-03-19,west,1545.0
1176,2018-03-20,north,1647.0
1177,2018-03-20,south,1614.0
1178,2018-03-20,east,1629.0
1179,2018-03-20,west,1677.0
1204,2018-03-21,north,1743.0
1205,2018-03-21,south,1569.0
1206,2018-03-21,east,1593.0
1207,2018-03-21,west,1578.0
1232,2018-03-22,north,1578.0
1233,2018-03-22,south,1581.0
1234,2018-03-22,east,1653.0
1235,2018-03-22,west,1578.0
1260,2018-03-23,north,1761.0
1261,2018-03-23,south,1611.0
1262,2018-03-23,east,1749.0
1263,2018-03-23,west,1764.0
1288,2018-03-24,north,1716.0
1289,2018-03-24,south,1710.0
1290,2018-03-24,east,1800.0
1291,2018-03-24,west,1728.0
1316,2018-03-25,north,1743.0
1317,2018-03-25,south,1764.0
1318,2018-03-25,east,1740.0
1319,2018-03-25,west,1707.0
1344,2018-03-26,north,1509.0
1345,2018-03-26,south,1641.0
1346,2018-03-26,east,1533.0
1347,2018-03-26,west,1752.0
1372,2018-03-27,north,1767.0
1373,2018-03-27,south,1590.0
1374,2018-03-27,east,1533.0
1375,2018-03-27,west,1704.0
1400,2018-03-28,north,1671.0
1401,2018-03-28,south,1527.0
1402,2018-03-28,east,1524.0
1403,2018-03-28,west,1629.0
1428,2018-03-29,north,1722.0
1429,2018-03-29,south,1557.0
1430,2018-03-29,east,1686.0
1431,2018-03-29,west,1779.0
1456,2018-03-30,north,1734.0
1457,2018-03-30,south,1776.0
1458,2018-03-30,east,1554.0
1459,2018-03-30,west,1725.0
1484,2018-03-31,north,1617.0
1485,2018-03-31,south,1635.0
1486,2018-03-31,east,1605.0
1487,2018-03-31,west,1785.0
1512,2018-04-01,north,1761.0
1513,2018-04-01,south,1530.0
1514,2018-04-01,east,1710.0
1515,2018-04-01,west,1506.0
1540,2018-04-02,north,1509.0
1541,2018-04-02,south,1797.0
1542,2018-04-02,east,1662.0
1543,2018-04-02,west,1530.0
1568,2018-04-03,north,1767.0
1569,2018-04-03,south,1767.0
1570,2018-04-03,east,1614.0
1571,2018-04-03,west,1533.0
1596,2018-04-04,north,1767.0
1597,2018-04-04,south,1761.0
1598,2018-04-04,east,1566.0
1599,2018-04-04,west,1623.0
1624,2018-04-05,north,1506.0
1625,2018-04-05,south,1512.0
1626,2018-04-05,east,1692.0
1627,2018-04-05,west,1749.0
1652,2018-04-06,north,1701.0
1653,2018-04-06,south,1752.0
1654,2018-04-06,east,1632.0
1655,2018-04-06,west,1515.0
1680,2018-04-07,north,1725.0
1681,2018-04-07,south,1611.0
1682,2018-04-07,east,1788.0
1683,2018-04-07,west,1617.0
1708,2018-04-08,north,1656.0
1709,2018-04-08,south,1674.0
1710,2018-04-08,east,1557.0
1711,2018-04-08,west,1701.0
1736,2018-04-09,north,1686.0
1737,2018-04-09,south,1782.0
1738,2018-04-09,east,1641.0
1739,2018-04-09,west,1557.0
1764,2018-04-10,north,1686.0
1765,2018-04-10,south,1527.0
1766,2018-04-10,east,1698.0
1767,2018-04-10,west,1728.0
1792,2018-04-11,north,1671.0
1793,2018-04-11,south,1527.0
1794,2018-04-11,east,1581.0
1795,2018-04-11,west,1764.0
1820,2018-04-12,north,1653.0
1821,2018-04-12,south,1626.0
1822,2018-04-12,east,1782.0
1823,2018-04-12,west,1749.0
1848,2018-04-13,north,1539.0
1849,2018-04-13,south,1752.0
1850,2018-04-13,east,1674.0
1851,2018-04-13,west,1749.0
1876,2018-04-14,north,1569.0
1877,2018-04-14,south,1794.0
1878,2018-04-14,east,1674.0
1879,2018-04-14,west,1638.0
1904,2018-04-15,north,1515.0
1905,2018-04-15,south,1527.0
1906,2018-04-15,east,1602.0
1907,2018-04-15,west,1653.0
1932,2018-04-16,north,1602.0
1933,2018-04-16,south,1707.0
1934,2018-04-16,east,1548.0
1935,2018-04-16,west,1527.0
1960,2018-04-17,north,1599.0
1961,2018-04-17,south,1728.0
1962,2018-04-17,east,1704.0
1963,2018-04-17,west,1539.0
1988,2018-04-18,north,1545.0
1989,2018-04-18,south,1797.0
1990,2018-04-18,east,1515.0
1991,2018-04-18,west,1719.0
2016,2018-04-19,north,1713.0
2017,2018-04-19,south,1674.0
2018,2018-04-19,east,1767.0
2019,2018-04-19,west,1767.0
2044,2018-04-20,north,1668.0
2045,2018-04-20,south,1620.0
2046,2018-04-20,east,1677.0
2047,2018-04-20,west,1509.0
2072,2018-04-21,north,1683.0
2073,2018-04-21,south,1743.0
2074,2018-04-21,east,1644.0
2075,2018-04-21,west,1578.0
2100,2018-04-22,north,1572.0
2101,2018-04-22,south,1545.0
2102,2018-04-22,east,1557.0
2103,2018-04-22,west,1626.0
2128,2018-04-23,north,1710.0
2129,2018-04-23,south,1659.0
2130,2018-04-23,east,1665.0
2131,2018-04-23,west,1521.0
2156,2018-04-24,north,1503.0
2157,2018-04-24,south,1650.0
2158,2018-04-24,east,1689.0
2159,2018-04-24,west,1743.0
2184,2018-04-25,north,1623.0
2185,2018-04-25,south,1503.0
2186,2018-04-25,east,1758.0
2187,2018-04-25,west,1557.0
2212,2018-04-26,north,1713.0
2213,2018-04-26,south,1734.0
2214,2018-04-26,east,1740.0
2215,2018-04-26,west,1563.0
2240,2018-04-27,north,1716.0
2241,2018-04-27,south,1791.0
2242,2018-04-27,east,1674.0
2243,2018-04-27,west,1716.0
2268,2018-04-28,north,1632.0
2269,2018-04-28,south,1641.0
2270,2018-04-28,east,1584.0
2271,2018-04-28,west,1590.0
2296,2018-04-29,north,1713.0
2297,2018-04-29,south,1593.0
2298,2018-04-29,east,1740.0
2299,2018-04-29,west,1638.0
2324,2018-04-30,north,1653.0
2325,2018-04-30,south,1590.0
2326,2018-04-30,east,1593.0
2327,2018-04-30,west,1602.0
2352,2018-05-01,north,1785.0
2353,2018-05-01,south,1764.0
2354,2018-05-01,east,1506.0
2355,2018-05-01,west,1536.0
2380,2018-05-02,north,1623.0
2381,2018-05-02,south,1674.0
2382,2018-05-02,east,1791.0
2383,2018-05-02,west,1653.0
2408,2018-05-03,north,1785.0
2409,2018-05-03,south,1569.0
2410,2018-05-03,east,1500.0
2411,2018-05-03,west,1770.0
2436,2018-05-04,north,1653.0
2437,2018-05-04,south,1590.0
2438,2018-05-04,east,1671.0
2439,2018-05-04,west,1629.0
2464,2018-05-05,north,1578.0
2465,2018-05-05,south,1665.0
2466,2018-05-05,east,1575.0
2467,2018-05-05,west,1587.0
2492,2018-05-06,north,1674.0
2493,2018-05-06,south,1785.0
2494,2018-05-06,east,1719.0
2495,2018-05-06,west,1617.0
2520,2018-05-07,north,1794.0
2521,2018-05-07,south,1563.0
2522,2018-05-07,east,1728.0
2523,2018-05-07,west,1740.0
2548,2018-05-08,north,1617.0
2549,2018-05-08,south,1650.0
2550,2018-05-08,east,1728.0
2551,2018-05-08,west,1635.0
2576,2018-05-09,north,1584.0
2577,2018-05-09,south,1647.0
2578,2018-05-09,east,1551.0
2579,2018-05-09,west,1512.0
2604,2018-05-10,north,1737.0
2605,2018-05-10,south,1551.0
2606,2018-05-10,east,1515.0
2607,2018-05-10,west,1716.0
2632,2018-05-11,north,1746.0
2633,2018-05-11,south,1677.0
2634,2018-05-11,east,1584.0
2635,2018-05-11,west,1617.0
2660,2018-05-12,north,1743.0
2661,2018-05-12,south,1533.0
2662,2018-05-12,east,1521.0
2663,2018-05-12,west,1578.0
2688,2018-05-13,north,1545.0
2689,2018-05-13,south,1713.0
2690,2018-05-13,east,1665.0
2691,2018-05-13,west,1644.0
2716,2018-05-14,north,1776.0
2717,2018-05-14,south,1560.0
2718,2018-05-14,east,1644.0
2719,2018-05-14,west,1503.0
2744,2018-05-15,north,1800.0
2745,2018-05-15,south,1758.0
2746,2018-05-15,east,1701.0
2747,2018-05-15,west,1671.0
2772,2018-05-16,north,1593.0
2773,2018-05-16,south,1617.0
2774,2018-05-16,east,1626.0
2775,2018-05-16,west,1629.0
2800,2018-05-17,north,1728.0
2801,2018-05-17,south,1506.0
2802,2018-05-17,east,1590.0
2803,2018-05-17,west,1626.0
2828,2018-05-18,north,1782.0
2829,2018-05-18,south,1572.0
2830,2018-05-18,east,1539.0
2831,2018-05-18,west,1509.0
2856,2018-05-19,north,1788.0
2857,2018-05-19,south,1713.0
2858,2018-05-19,east,1626.0
2859,2018-05-19,west,1629.0
2884,2018-05-20,north,1548.0
2885,2018-05-20,south,1716.0
2886,2018-05-20,east,1752.0
2887,2018-05-20,west,1638.0
2912,2018-05-21,north,1575.0
2913,2018-05-21,south,1671.0
2914,2018-05-21,east,1626.0
2915,2018-05-21,west,1572.0
2940,2018-05-22,north,1572.0
2941,2018-05-22,south,1569.0
2942,2018-05-22,east,1581.0
2943,2018-05-22,west,1521.0
2968,2018-05-23,north,1641.0
2969,2018-05-23,south,1692.0
2970,2018-05-23,east,1713.0
2971,2018-05-23,west,1563.0
2996,2018-05-24,north,1524.0
2997,2018-05-24,south,1533.0
2998,2018-05-24,east,1695.0
2999,2018-05-24,west,1533.0
3024,2018-05-25,north,1599.0
3025,2018-05-25,south,1665.0
3026,2018-05-25,east,1713.0
3027,2018-05-25,west,1644.0
3052,2018-05-26,north,1776.0
3053,2018-05-26,south,1530.0
3054,2018-05-26,east,1650.0
3055,2018-05-26,west,1512.0
3080,2018-05-27,north,1629.0
3081,2018-05-27,south,1707.0
3082,2018-05-27,east,1521.0
3083,2018-05-27,west,1761.0
3108,2018-05-28,north,1755.0
3109,2018-05-28,south,1659.0
3110,2018-05-28,east,1800.0
3111,2018-05-28,west,1539.0
3136,2018-05-29,north,1713.0
3137,2018-05-29,south,1752.0
3138,2018-05-29,east,1629.0
3139,2018-05-29,west,1635.0
3164,2018-05-30,north,1674.0
3165,2018-05-30,south,1701.0
3166,2018-05-30,east,1614.0
3167,2018-05-30,west,1794.0
3192,2018-05-31,north,1725.0
3193,2018-05-31,south,1659.0
3194,2018-05-31,east,1536.0
3195,2018-05-31,west,1620.0
3220,2018-06-01,north,1794.0
3221,2018-06-01,south,1623.0
3222,2018-06-01,east,1665.0
3223,2018-06-01,west,1671.0
3248,2018-06-02,north,1752.0
3249,2018-06-02,south,1707.0
3250,2018-06-02,east,1797.0
3251,2018-06-02,west,1668.0
3276,2018-06-03,north,1596.0
3277,2018-06-03,south,1503.0
3278,2018-06-03,east,1578.0
3279,2018-06-03,west,1680.0
3304,2018-06-04,north,1608.0
3305,2018-06-04,south,1683.0
3306,2018-06-04,east,1572.0
3307,2018-06-04,west,1656.0
3332,2018-06-05,north,1713.0
3333,2018-06-05,south,1698.0
3334,2018-06-05,east,1557.0
3335,2018-06-05,west,1782.0
3360,2018-06-06,north,1695.0
3361,2018-06-06,south,1680.0
3362,2018-06-06,east,1761.0
3363,2018-06-06,west,1659.0
3388,2018-06-07,north,1518.0
3389,2018-06-07,south,1572.0
3390,2018-06-07,east,1785.0
3391,2018-06-07,west,1557.0
3416,2018-06-08,north,1719.0
3417,2018-06-08,south,1677.0
3418,2018-06-08,east,1695.0
3419,2018-06-08,west,1602.0
3444,2018-06-09,north,1782.0
3445,2018-06-09,south,1773.0
3446,2018-06-09,east,1656.0
3447,2018-06-09,west,1665.0
3472,2018-06-10,north,1578.0
3473,2018-06-10,south,1641.0
3474,2018-06-10,east,1737.0
3475,2018-06-10,west,1557.0
3500,2018-06-11,north,1788.0
3501,2018-06-11,south,1677.0
3502,2018-06-11,east,1698.0
3503,2018-06-11,west,1728.0
3528,2018-06-12,north,1776.0
3529,2018-06-12,south,1551.0
3530,2018-06-12,east,1548.0
3531,2018-06-12,west,1542.0
3556,2018-06-13,north,1683.0
3557,2018-06-13,south,1683.0
3558,2018-06-13,east,1572.0
3559,2018-06-13,west,1683.0
3584,2018-06-14,north,1761.0
3585,2018-06-14,south,1668.0
3586,2018-06-14,east,1599.0
3587,2018-06-14,west,1593.0
3612,2018-06-15,north,1623.0
3613,2018-06-15,south,1737.0
3614,2018-06-15,east,1593.0
3615,2018-06-15,west,1788.0
3640,2018-06-16,north,1659.0
3641,2018-06-16,south,1641.0
3642,2018-06-16,east,1575.0
3643,2018-06-16,west,1611.0
3668,2018-06-17,north,1599.0
3669,2018-06-17,south,1530.0
3670,2018-06-17,east,1608.0
3671,2018-06-17,west,1626.0
3696,2018-06-18,north,1530.0
3697,2018-06-18,south,1707.0
3698,2018-06-18,east,1611.0
3699,2018-06-18,west,1635.0
3724,2018-06-19,north,1593.0
3725,2018-06-19,south,1749.0
3726,2018-06-19,east,1623.0
3727,2018-06-19,west,1608.0
3752,2018-06-20,north,1665.0
3753,2018-06-20,south,1659.0
3754,2018-06-20,east,1734.0
3755,2018-06-20,west,1557.0
3780,2018-06-21,north,1797.0
3781,2018-06-21,south,1587.0
3782,2018-06-21,east,1557.0
3783,2018-06-21,west,1542.0
3808,2018-06-22,north,1743.0
3809,2018-06-22,south,1797.0
3810,2018-06-22,east,1686.0
3811,2018-06-22,west,1683.0
3836,2018-06-23,north,1791.0
3837,2018-06-23,south,1554.0
3838,2018-06-23,east,1695.0
3839,2018-06-23,west,1566.0
3864,2018-06-24,north,1563.0
3865,2018-06-24,south,1623.0
3866,2018-06-24,east,1530.0
3867,2018-06-24,west,1662.0
3892,2018-06-25,north,1650.0
3893,2018-06-25,south,1602.0
3894,2018-06-25,east,1548.0
3895,2018-06-25,west,1623.0
3920,2018-06-26,north,1728.0
3921,2018-06-26,south,1533.0
3922,2018-06-26,east,1503.0
3923,2018-06-26,west,1629.0
3948,2018-06-27,north,1581.0
3949,2018-06-27,south,1659.0
3950,2018-06-27,east,1707.0
3951,2018-06-27,west,1665.0
3976,2018-06-28,north,1563.0
3977,2018-06-28,south,1638.0
3978,2018-06-28,east,1692.0
3979,2018-06-28,west,1503.0
4004,2018-06-29,north,1686.0
4005,2018-06-29,south,1764.0
4006,2018-06-29,east,1629.0
4007,2018-06-29,west,1779.0
4032,2018-06-30,north,1554.0
4033,2018-06-30,south,1653.0
4034,2018-06-30,east,1515.0
4035,2018-06-30,west,1557.0
4060,2018-07-01,north,1746.0
4061,2018-07-01,south,1671.0
4062,2018-07-01,east,1716.0
4063,2018-07-01,west,1554.0
4088,2018-07-02,north,1695.0
4089,2018-07-02,south,1611.0
4090,2018-07-02,east,1680.0
4091,2018-07-02,west,1671.0
4116,2018-07-03,north,1644.0
4117,2018-07-03,south,1638.0
4118,2018-07-03,east,1623.0
4119,2018-07-03,west,1515.0
4144,2018-07-04,north,1743.0
4145,2018-07-04,south,1587.0
4146,2018-07-04,east,1764.0
4147,2018-07-04,west,1572.0
4172,2018-07-05,north,1752.0
4173,2018-07-05,south,1647.0
4174,2018-07-05,east,1575.0
4175,2018-07-05,west,1500.0
4200,2018-07-06,north,1743.0
4201,2018-07-06,south,1566.0
4202,2018-07-06,east,1758.0
4203,2018-07-06,west,1689.0
4228,2018-07-07,north,1776.0
4229,2018-07-07,south,1770.0
4230,2018-07-07,east,1695.0
4231,2018-07-07,west,1566.0
4256,2018-07-08,north,1623.0
4257,2018-07-08,south,1776.0
4258,2018-07-08,east,1515.0
4259,2018-07-08,west,1761.0
4284,2018-07-09,north,1623.0
4285,2018-07-09,south,1788.0
4286,2018-07-09,east,1542.0
4287,2018-07-09,west,1515.0
4312,2018-07-10,north,1794.0
4313,2018-07-10,south,1794.0
4314,2018-07-10,east,1755.0
4315,2018-07-10,west,1761.0
4340,2018-07-11,north,1605.0
4341,2018-07-11,south,1569.0
4342,2018-07-11,east,1638.0
4343,2018-07-11,west,1677.0
4368,2018-07-12,north,1593.0
4369,2018-07-12,south,1500.0
4370,2018-07-12,east,1539.0
4371,2018-07-12,west,1719.0
4396,2018-07-13,north,1749.0
4397,2018-07-13,south,1596.0
4398,2018-07-13,east,1680.0
4399,2018-07-13,west,1509.0
4424,2018-07-14,north,1500.0
4425,2018-07-14,south,1653.0
4426,2018-07-14,east,1620.0
4427,2018-07-14,west,1575.0
4452,2018-07-15,north,1737.0
4453,2018-07-15,south,1713.0
4454,2018-07-15,east,1698.0
4455,2018-07-15,west,1539.0
4480,2018-07-16,north,1773.0
4481,2018-07-16,south,1707.0
4482,2018-07-16,east,1554.0
4483,2018-07-16,west,1515.0
4508,2018-07-17,north,1551.0
4509,2018-07-17,south,1566.0
4510,2018-07-17,east,1788.0
4511,2018-07-17,west,1614.0
4536,2018-07-18,north,1704.0
4537,2018-07-18,south,1656.0
4538,2018-07-18,east,1530.0
4539,2018-07-18,west,1659.0
4564,2018-07-19,north,1620.0
4565,2018-07-19,south,1725.0
4566,2018-07-19,east,1704.0
4567,2018-07-19,west,1527.0
4592,2018-07-20,north,1731.0
4593,2018-07-20,south,1761.0
4594,2018-07-20,east,1644.0
4595,2018-07-20,west,1653.0
4620,2018-07-21,north,1725.0
4621,2018-07-21,south,1698.0
4622,2018-07-21,east,1662.0
4623,2018-07-21,west,1656.0
4648,2018-07-22,north,1608.0
4649,2018-07-22,south,1773.0
4650,2018-07-22,east,1659.0
4651,2018-07-22,west,1647.0
4676,2018-07-23,north,1638.0
4677,2018-07-23,south,1623.0
4678,2018-07-23,east,1719.0
4679,2018-07-23,west,1629.0
4704,2018-07-24,north,1701.0
4705,2018-07-24,south,1725.0
4706,2018-07-24,east,1752.0
4707,2018-07-24,west,1557.0
4732,2018-07-25,north,1500.0
4733,2018-07-25,south,1707.0
4734,2018-07-25,east,1533.0
4735,2018-07-25,west,1737.0
4760,2018-07-26,north,1605.0
4761,2018-07-26,south,1767.0
4762,2018-07-26,east,1551.0
4763,2018-07-26,west,1521.0
4788,2018-07-27,north,1659.0
4789,2018-07-27,south,1611.0
4790,2018-07-27,east,1695.0
4791,2018-07-27,west,1632.0
4816,2018-07-28,north,1515.0
4817,2018-07-28,south,1584.0
4818,2018-07-28,east,1596.0
4819,2018-07-28,west,1743.0
4844,2018-07-29,north,1791.0
4845,2018-07-29,south,1599.0
4846,2018-07-29,east,1749.0
4847,2018-07-29,west,1755.0
4872,2018-07-30,north,1755.0
4873,2018-07-30,south,1662.0
4874,2018-07-30,east,1509.0
4875,2018-07-30,west,1776.0
4900,2018-07-31,north,1695.0
4901,2018-07-31,south,1707.0
4902,2018-07-31,east,1548.0
4903,2018-07-31,west,1578.0
4928,2018-08-01,north,1563.0
4929,2018-08-01,south,1674.0
4930,2018-08-01,east,1554.0
4931,2018-08-01,west,1665.0
4956,2018-08-02,north,1527.0
4957,2018-08-02,south,1617.0
4958,2018-08-02,east,1548.0
4959,2018-08-02,west,1671.0
4984,2018-08-03,north,1668.0
4985,2018-08-03,south,1671.0
4986,2018-08-03,east,1719.0
4987,2018-08-03,west,1668.0
5012,2018-08-04,north,1536.0
5013,2018-08-04,south,1734.0
5014,2018-08-04,east,1743.0
5015,2018-08-04,west,1776.0
5040,2018-08-05,north,1650.0
5041,2018-08-05,south,1599.0
5042,2018-08-05,east,1614.0
5043,2018-08-05,west,1773.0
5068,2018-08-06,north,1611.0
5069,2018-08-06,south,1605.0
5070,2018-08-06,east,1554.0
5071,2018-08-06,west,1788.0
5096,2018-08-07,north,1566.0
5097,2018-08-07,south,1560.0
5098,2018-08-07,east,1551.0
5099,2018-08-07,west,1626.0
5124,2018-08-08,north,1665.0
5125,2018-08-08,south,1539.0
5126,2018-08-08,east,1506.0
5127,2018-08-08,west,1617.0
5152,2018-08-09,north,1797.0
5153,2018-08-09,south,1794.0
5154,2018-08-09,east,1620.0
5155,2018-08-09,west,1683.0
5180,2018-08-10,north,1620.0
5181,2018-08-10,south,1554.0
5182,2018-08-10,east,1701.0
5183,2018-08-10,west,1785.0
5208,2018-08-11,north,1689.0
5209,2018-08-11,south,1650.0
5210,2018-08-11,east,1533.0
5211,2018-08-11,west,1587.0
5236,2018-08-12,north,1509.0
5237,2018-08-12,south,1743.0
5238,2018-08-12,east,1719.0
5239,2018-08-12,west,1743.0
5264,2018-08-13,north,1701.0
5265,2018-08-13,south,1629.0
5266,2018-08-13,east,1638.0
5267,2018-08-13,west,1611.0
5292,2018-08-14,north,1623.0
5293,2018-08-14,south,1635.0
5294,2018-08-14,east,1716.0
5295,2018-08-14,west,1707.0
5320,2018-08-15,north,1602.0
5321,2018-08-15,south,1542.0
5322,2018-08-15,east,1800.0
5323,2018-08-15,west,1734.0
5348,2018-08-16,north,1788.0
5349,2018-08-16,south,1614.0
5350,2018-08-16,east,1743.0
5351,2018-08-16,west,1770.0
5376,2018-08-17,north,1776.0
5377,2018-08-17,south,1713.0
5378,2018-08-17,east,1623.0
5379,2018-08-17,west,1752.0
5404,2018-08-18,north,1527.0
5405,2018-08-18,south,1776.0
5406,2018-08-18,east,1689.0
5407,2018-08-18,west,1713.0
5432,2018-08-19,north,1509.0
5433,2018-08-19,south,1575.0
5434,2018-08-19,east,1701.0
5435,2018-08-19,west,1575.0
5460,2018-08-20,north,1581.0
5461,2018-08-20,south,1779.0
5462,2018-08-20,east,1662.0
5463,2018-08-20,west,1506.0
5488,2018-08-21,north,1794.0
5489,2018-08-21,south,1659.0
5490,2018-08-21,east,1644.0
5491,2018-08-21,west,1707.0
5516,2018-08-22,north,1704.0
5517,2018-08-22,south,1500.0
5518,2018-08-22,east,1539.0
5519,2018-08-22,west,1800.0
5544,2018-08-23,north,1557.0
5545,2018-08-23,south,1554.0
5546,2018-08-23,east,1788.0
5547,2018-08-23,west,1563.0
5572,2018-08-24,north,1548.0
5573,2018-08-24,south,1560.0
5574,2018-08-24,east,1734.0
5575,2018-08-24,west,1644.0
5600,2018-08-25,north,1629.0
5601,2018-08-25,south,1677.0
5602,2018-08-25,east,1764.0
5603,2018-08-25,west,1515.0
5628,2018-08-26,north,1542.0
5629,2018-08-26,south,1545.0
5630,2018-08-26,east,1668.0
5631,2018-08-26,west,1584.0
5656,2018-08-27,north,1605.0
5657,2018-08-27,south,1740.0
5658,2018-08-27,east,1602.0
5659,2018-08-27,west,1509.0
5684,2018-08-28,north,1566.0
5685,2018-08-28,south,1680.0
5686,2018-08-28,east,1656.0
5687,2018-08-28,west,1722.0
5712,2018-08-29,north,1662.0
5713,2018-08-29,south,1794.0
5714,2018-08-29,east,1734.0
5715,2018-08-29,west,1647.0
5740,2018-08-30,north,1635.0
5741,2018-08-30,south,1743.0
5742,2018-08-30,east,1665.0
5743,2018-08-30,west,1770.0
5768,2018-08-31,north,1749.0
5769,2018-08-31,south,1695.0
5770,2018-08-31,east,1644.0
5771,2018-08-31,west,1602.0
5796,2018-09-01,north,1560.0
5797,2018-09-01,south,1500.0
5798,2018-09-01,east,1719.0
5799,2018-09-01,west,1557.0
5824,2018-09-02,north,1527.0
5825,2018-09-02,south,1653.0
5826,2018-09-02,east,1506.0
5827,2018-09-02,west,1575.0
5852,2018-09-03,north,1749.0
5853,2018-09-03,south,1770.0
5854,2018-09-03,east,1674.0
5855,2018-09-03,west,1650.0
5880,2018-09-04,north,1794.0
5881,2018-09-04,south,1509.0
5882,2018-09-04,east,1785.0
5883,2018-09-04,west,1539.0
5908,2018-09-05,north,1731.0
5909,2018-09-05,south,1617.0
5910,2018-09-05,east,1656.0
5911,2018-09-05,west,1599.0
5936,2018-09-06,north,1713.0
5937,2018-09-06,south,1506.0
5938,2018-09-06,east,1758.0
5939,2018-09-06,west,1650.0
5964,2018-09-07,north,1791.0
5965,2018-09-07,south,1623.0
5966,2018-09-07,east,1776.0
5967,2018-09-07,west,1653.0
5992,2018-09-08,north,1659.0
5993,2018-09-08,south,1755.0
5994,2018-09-08,east,1533.0
5995,2018-09-08,west,1557.0
6020,2018-09-09,north,1527.0
6021,2018-09-09,south,1614.0
6022,2018-09-09,east,1638.0
6023,2018-09-09,west,1704.0
6048,2018-09-10,north,1650.0
6049,2018-09-10,south,1656.0
6050,2018-09-10,east,1782.0
6051,2018-09-10,west,1527.0
6076,2018-09-11,north,1578.0
6077,2018-09-11,south,1767.0
6078,2018-09-11,east,1749.0
6079,2018-09-11,west,1524.0
6104,2018-09-12,north,1719.0
6105,2018-09-12,south,1695.0
6106,2018-09-12,east,1740.0
6107,2018-09-12,west,1533.0
6132,2018-09-13,north,1653.0
6133,2018-09-13,south,1560.0
6134,2018-09-13,east,1677.0
6135,2018-09-13,west,1539.0
6160,2018-09-14,north,1713.0
6161,2018-09-14,south,1554.0
6162,2018-09-14,east,1743.0
6163,2018-09-14,west,1701.0
6188,2018-09-15,north,1587.0
6189,2018-09-15,south,1512.0
6190,2018-09-15,east,1698.0
6191,2018-09-15,west,1746.0
6216,2018-09-16,north,1554.0
6217,2018-09-16,south,1554.0
6218,2018-09-16,east,1782.0
6219,2018-09-16,west,1782.0
6244,2018-09-17,north,1764.0
6245,2018-09-17,south,1620.0
6246,2018-09-17,east,1545.0
6247,2018-09-17,west,1722.0
6272,2018-09-18,north,1503.0
6273,2018-09-18,south,1530.0
6274,2018-09-18,east,1737.0
6275,2018-09-18,west,1692.0
6300,2018-09-19,north,1542.0
6301,2018-09-19,south,1758.0
6302,2018-09-19,east,1779.0
6303,2018-09-19,west,1593.0
6328,2018-09-20,north,1686.0
6329,2018-09-20,south,1749.0
6330,2018-09-20,east,1662.0
6331,2018-09-20,west,1569.0
6356,2018-09-21,north,1590.0
6357,2018-09-21,south,1665.0
6358,2018-09-21,east,1716.0
6359,2018-09-21,west,1704.0
6384,2018-09-22,north,1632.0
6385,2018-09-22,south,1581.0
6386,2018-09-22,east,1758.0
6387,2018-09-22,west,1641.0
6412,2018-09-23,north,1731.0
6413,2018-09-23,south,1677.0
6414,2018-09-23,east,1728.0
6415,2018-09-23,west,1755.0
6440,2018-09-24,north,1611.0
6441,2018-09-24,south,1593.0
6442,2018-09-24,east,1797.0
6443,2018-09-24,west,1560.0
6468,2018-09-25,north,1530.0
6469,2018-09-25,south,1770.0
6470,2018-09-25,east,1611.0
6471,2018-09-25,west,1701.0
6496,2018-09-26,north,1617.0
6497,2018-09-26,south,1515.0
6498,2018-09-26,east,1713.0
6499,2018-09-26,west,1500.0
6524,2018-09-27,north,1632.0
6525,2018-09-27,south,1713.0
6526,2018-09-27,east,1743.0
6527,2018-09-27,west,1587.0
6552,2018-09-28,north,1749.0
6553,2018-09-28,south,1533.0
6554,2018-09-28,east,1653.0
6555,2018-09-28,west,1512.0
6580,2018-09-29,north,1518.0
6581,2018-09-29,south,1623.0
6582,2018-09-29,east,1701.0
6583,2018-09-29,west,1596.0
6608,2018-09-30,north,1746.0
6609,2018-09-30,south,1536.0
6610,2018-09-30,east,1659.0
6611,2018-09-30,west,1524.0
6636,2018-10-01,north,1782.0
6637,2018-10-01,south,1632.0
6638,2018-10-01,east,1755.0
6639,2018-10-01,west,1650.0
6664,2018-10-02,north,1680.0
6665,2018-10-02,south,1701.0
6666,2018-10-02,east,1800.0
6667,2018-10-02,west,1740.0
6692,2018-10-03,north,1563.0
6693,2018-10-03,south,1788.0
6694,2018-10-03,east,1536.0
6695,2018-10-03,west,1764.0
6720,2018-10-04,north,1512.0
6721,2018-10-04,south,1560.0
6722,2018-10-04,east,1626.0
6723,2018-10-04,west,1797.0
6748,2018-10-05,north,1779.0
6749,2018-10-05,south,1683.0
6750,2018-10-05,east,1713.0
6751,2018-10-05,west,1794.0
6776,2018-10-06,north,1584.0
6777,2018-10-06,south,1647.0
6778,2018-10-06,east,1596.0
6779,2018-10-06,west,1515.0
6804,2018-10-07,north,1533.0
6805,2018-10-07,south,1608.0
6806,2018-10-07,east,1794.0
6807,2018-10-07,west,1578.0
6832,2018-10-08,north,1701.0
6833,2018-10-08,south,1617.0
6834,2018-10-08,east,1779.0
6835,2018-10-08,west,1785.0
6860,2018-10-09,north,1680.0
6861,2018-10-09,south,1590.0
6862,2018-10-09,east,1551.0
6863,2018-10-09,west,1587.0
6888,2018-10-10,north,1749.0
6889,2018-10-10,south,1701.0
6890,2018-10-10,east,1599.0
6891,2018-10-10,west,1506.0
6916,2018-10-11,north,1596.0
6917,2018-10-11,south,1800.0
6918,2018-10-11,east,1749.0
6919,2018-10-11,west,1674.0
6944,2018-10-12,north,1782.0
6945,2018-10-12,south,1647.0
6946,2018-10-12,east,1542.0
6947,2018-10-12,west,1656.0
6972,2018-10-13,north,1581.0
6973,2018-10-13,south,1713.0
6974,2018-10-13,east,1722.0
6975,2018-10-13,west,1686.0
7000,2018-10-14,north,1728.0
7001,2018-10-14,south,1755.0
7002,2018-10-14,east,1503.0
7003,2018-10-14,west,1602.0
7028,2018-10-15,north,1605.0
7029,2018-10-15,south,1719.0
7030,2018-10-15,east,1548.0
7031,2018-10-15,west,1626.0
7056,2018-10-16,north,1551.0
7057,2018-10-16,south,1662.0
7058,2018-10-16,east,1650.0
7059,2018-10-16,west,1788.0
7084,2018-10-17,north,1536.0
7085,2018-10-17,south,1551.0
7086,2018-10-17,east,1656.0
7087,2018-10-17,west,1644.0
7112,2018-10-18,north,1692.0
7113,2018-10-18,south,1518.0
7114,2018-10-18,east,1509.0
7115,2018-10-18,west,1674.0
7140,2018-10-19,north,1521.0
7141,2018-10-19,south,1632.0
7142,2018-10-19,east,1794.0
7143,2018-10-19,west,1689.0
7168,2018-10-20,north,1692.0
7169,2018-10-20,south,1662.0
7170,2018-10-20,east,1776.0
7171,2018-10-20,west,1710.0
7196,2018-10-21,north,1569.0
7197,2018-10-21,south,1704.0
7198,2018-10-21,east,1767.0
7199,2018-10-21,west,1767.0
7224,2018-10-22,north,1542.0
7225,2018-10-22,south,1707.0
7226,2018-10-22,east,1578.0
7227,2018-10-22,west,1521.0
7252,2018-10-23,north,1764.0
7253,2018-10-23,south,1683.0
7254,2018-10-23,east,1602.0
7255,2018-10-23,west,1755.0
7280,2018-10-24,north,1650.0
7281,2018-10-24,south,1629.0
7282,2018-10-24,east,1692.0
7283,2018-10-24,west,1542.0
7308,2018-10-25,north,1629.0
7309,2018-10-25,south,1587.0
7310,2018-10-25,east,1635.0
7311,2018-10-25,west,1653.0
7336,2018-10-26,north,1596.0
7337,2018-10-26,south,1524.0
7338,2018-10-26,east,1545.0
7339,2018-10-26,west,1707.0
7364,2018-10-27,north,1509.0
7365,2018-10-27,south,1509.0
7366,2018-10-27,east,1686.0
7367,2018-10-27,west,1785.0
7392,2018-10-28,north,1635.0
7393,2018-10-28,south,1752.0
7394,2018-10-28,east,1785.0
7395,2018-10-28,west,1755.0
7420,2018-10-29,north,1707.0
7421,2018-10-29,south,1701.0
7422,2018-10-29,east,1599.0
7423,2018-10-29,west,1782.0
7448,2018-10-30,north,1677.0
7449,2018-10-30,south,1719.0
7450,2018-10-30,east,1530.0
7451,2018-10-30,west,1776.0
7476,2018-10-31,north,1674.0
7477,2018-10-31,south,1641.0
7478,2018-10-31,east,1596.0
7479,2018-10-31,west,1506.0
7504,2018-11-01,north,1692.0
7505,2018-11-01,south,1623.0
7506,2018-11-01,east,1593.0
7507,2018-11-01,west,1551.0
7532,2018-11-02,north,1728.0
7533,2018-11-02,south,1608.0
7534,2018-11-02,east,1530.0
7535,2018-11-02,west,1791.0
7560,2018-11-03,north,1704.0
7561,2018-11-03,south,1653.0
7562,2018-11-03,east,1548.0
7563,2018-11-03,west,1626.0
7588,2018-11-04,north,1695.0
7589,2018-11-04,south,1590.0
7590,2018-11-04,east,1530.0
7591,2018-11-04,west,1644.0
7616,2018-11-05,north,1611.0
7617,2018-11-05,south,1617.0
7618,2018-11-05,east,1776.0
7619,2018-11-05,west,1641.0
7644,2018-11-06,north,1740.0
7645,2018-11-06,south,1590.0
7646,2018-11-06,east,1773.0
7647,2018-11-06,west,1641.0
7672,2018-11-07,north,1527.0
7673,2018-11-07,south,1755.0
7674,2018-11-07,east,1650.0
7675,2018-11-07,west,1593.0
7700,2018-11-08,north,1548.0
7701,2018-11-08,south,1623.0
7702,2018-11-08,east,1500.0
7703,2018-11-08,west,1569.0
7728,2018-11-09,north,1647.0
7729,2018-11-09,south,1662.0
7730,2018-11-09,east,1710.0
7731,2018-11-09,west,1719.0
7756,2018-11-10,north,1590.0
7757,2018-11-10,south,1539.0
7758,2018-11-10,east,1566.0
7759,2018-11-10,west,1770.0
7784,2018-11-11,north,1722.0
7785,2018-11-11,south,1524.0
7786,2018-11-11,east,1641.0
7787,2018-11-11,west,1662.0
7812,2018-11-12,north,1716.0
7813,2018-11-12,south,1611.0
7814,2018-11-12,east,1569.0
7815,2018-11-12,west,1797.0
7840,2018-11-13,north,1698.0
7841,2018-11-13,south,1581.0
7842,2018-11-13,east,1776.0
7843,2018-11-13,west,1644.0
7868,2018-11-14,north,1563.0
7869,2018-11-14,south,1707.0
7870,2018-11-14,east,1533.0
7871,2018-11-14,west,1572.0
7896,2018-11-15,north,1623.0
7897,2018-11-15,south,1698.0
7898,2018-11-15,east,1521.0
7899,2018-11-15,west,1707.0
7924,2018-11-16,north,1587.0
7925,2018-11-16,south,1776.0
7926,2018-11-16,east,1662.0
7927,2018-11-16,west,1578.0
7952,2018-11-17,north,1554.0
7953,2018-11-17,south,1515.0
7954,2018-11-17,east,1602.0
7955,2018-11-17,west,1557.0
7980,2018-11-18,north,1521.0
7981,2018-11-18,south,1740.0
7982,2018-11-18,east,1617.0
7983,2018-11-18,west,1647.0
8008,2018-11-19,north,1551.0
8009,2018-11-19,south,1500.0
8010,2018-11-19,east,1725.0
8011,2018-11-19,west,1563.0
8036,2018-11-20,north,1791.0
8037,2018-11-20,south,1578.0
8038,2018-11-20,east,1632.0
8039,2018-11-20,west,1674.0
8064,2018-11-21,north,1617.0
8065,2018-11-21,south,1509.0
8066,2018-11-21,east,1644.0
8067,2018-11-21,west,1542.0
8092,2018-11-22,north,1650.0
8093,2018-11-22,south,1758.0
8094,2018-11-22,east,1710.0
8095,2018-11-22,west,1737.0
8120,2018-11-23,north,1779.0
8121,2018-11-23,south,1743.0
8122,2018-11-23,east,1560.0
8123,2018-11-23,west,1719.0
8148,2018-11-24,north,1689.0
8149,2018-11-24,south,1605.0
8150,2018-11-24,east,1683.0
8151,2018-11-24,west,1518.0
8176,2018-11-25,north,1665.0
8177,2018-11-25,south,1671.0
8178,2018-11-25,east,1704.0
8179,2018-11-25,west,1731.0
8204,2018-11-26,north,1653.0
8205,2018-11-26,south,1542.0
8206,2018-11-26,east,1659.0
8207,2018-11-26,west,1650.0
8232,2018-11-27,north,1773.0
8233,2018-11-27,south,1647.0
8234,2018-11-27,east,1725.0
8235,2018-11-27,west,1644.0
8260,2018-11-28,north,1767.0
8261,2018-11-28,south,1728.0
8262,2018-11-28,east,1719.0
8263,2018-11-28,west,1677.0
8288,2018-11-29,north,1686.0
8289,2018-11-29,south,1527.0
8290,2018-11-29,east,1689.0
8291,2018-11-29,west,1686.0
8316,2018-11-30,north,1641.0
8317,2018-11-30,south,1665.0
8318,2018-11-30,east,1755.0
8319,2018-11-30,west,1551.0
8344,2018-12-01,north,1665.0
8345,2018-12-01,south,1527.0
8346,2018-12-01,east,1536.0
8347,2018-12-01,west,1656.0
8372,2018-12-02,north,1563.0
8373,2018-12-02,south,1554.0
8374,2018-12-02,east,1602.0
8375,2018-12-02,west,1737.0
8400,2018-12-03,north,1506.0
8401,2018-12-03,south,1755.0
8402,2018-12-03,east,1572.0
8403,2018-12-03,west,1608.0
8428,2018-12-04,north,1722.0
8429,2018-12-04,south,1788.0
8430,2018-12-04,east,1788.0
8431,2018-12-04,west,1587.0
8456,2018-12-05,north,1677.0
8457,2018-12-05,south,1725.0
8458,2018-12-05,east,1731.0
8459,2018-12-05,west,1518.0
8484,2018-12-06,north,1737.0
8485,2018-12-06,south,1797.0
8486,2018-12-06,east,1662.0
8487,2018-12-06,west,1662.0
8512,2018-12-07,north,1716.0
8513,2018-12-07,south,1596.0
8514,2018-12-07,east,1653.0
8515,2018-12-07,west,1635.0
8540,2018-12-08,north,1782.0
8541,2018-12-08,south,1773.0
8542,2018-12-08,east,1755.0
8543,2018-12-08,west,1719.0
8568,2018-12-09,north,1737.0
8569,2018-12-09,south,1548.0
8570,2018-12-09,east,1665.0
8571,2018-12-09,west,1659.0
8596,2018-12-10,north,1659.0
8597,2018-12-10,south,1575.0
8598,2018-12-10,east,1509.0
8599,2018-12-10,west,1767.0
8624,2018-12-11,north,1509.0
8625,2018-12-11,south,1527.0
8626,2018-12-11,east,1575.0
8627,2018-12-11,west,1620.0
8652,2018-12-12,north,1623.0
8653,2018-12-12,south,1623.0
8654,2018-12-12,east,1773.0
8655,2018-12-12,west,1743.0
8680,2018-12-13,north,1719.0
8681,2018-12-13,south,1782.0
8682,2018-12-13,east,1713.0
8683,2018-12-13,west,1593.0
8708,2018-12-14,north,1716.0
8709,2018-12-14,south,1686.0
8710,2018-12-14,east,1569.0
8711,2018-12-14,west,1704.0
8736,2018-12-15,north,1554.0
8737,2018-12-15,south,1545.0
8738,2018-12-15,east,1587.0
8739,2018-12-15,west,1800.0
8764,2018-12-16,north,1635.0
8765,2018-12-16,south,1620.0
8766,2018-12-16,east,1800.0
8767,2018-12-16,west,1641.0
8792,2018-12-17,north,1635.0
8793,2018-12-17,south,1527.0
8794,2018-12-17,east,1626.0
8795,2018-12-17,west,1716.0
8820,2018-12-18,north,1755.0
8821,2018-12-18,south,1755.0
8822,2018-12-18,east,1605.0
8823,2018-12-18,west,1779.0
8848,2018-12-19,north,1566.0
8849,2018-12-19,south,1566.0
8850,2018-12-19,east,1797.0
8851,2018-12-19,west,1770.0
8876,2018-12-20,north,1731.0
8877,2018-12-20,south,1551.0
8878,2018-12-20,east,1767.0
8879,2018-12-20,west,1626.0
8904,2018-12-21,north,1659.0
8905,2018-12-21,south,1710.0
8906,2018-12-21,east,1542.0
8907,2018-12-21,west,1569.0
8932,2018-12-22,north,1776.0
8933,2018-12-22,south,1578.0
8934,2018-12-22,east,1668.0
8935,2018-12-22,west,1527.0
8960,2018-12-23,north,1770.0
8961,2018-12-23,south,1623.0
8962,2018-12-23,east,1710.0
8963,2018-12-23,west,1731.0
8988,2018-12-24,north,1740.0
8989,2018-12-24,south,1632.0
8990,2018-12-24,east,1719.0
8991,2018-12-24,west,1500.0
9016,2018-12-25,north,1512.0
9017,2018-12-25,south,1605.0
9018,2018-12-25,east,1623.0
9019,2018-12-25,west,1533.0
9044,2018-12-26,north,1683.0
9045,2018-12-26,south,1734.0
9046,2018-12-26,east,1545.0
9047,2018-12-26,west,1587.0
9072,2018-12-27,north,1578.0
9073,2018-12-27,south,1650.0
9074,2018-12-27,east,1632.0
9075,2018-12-27,west,1713.0
9100,2018-12-28,north,1650.0
9101,2018-12-28,south,1794.0
9102,2018-12-28,east,1764.0
9103,2018-12-28,west,1797.0
9128,2018-12-29,north,1626.0
9129,2018-12-29,south,1794.0
9130,2018-12-29,east,1695.0
9131,2018-12-29,west,1740.0
9156,2018-12-30,north,1758.0
9157,2018-12-30,south,1785.0
9158,2018-12-30,east,1599.0
9159,2018-12-30,west,1689.0
9184,2018-12-31,north,1527.0
9185,2018-12-31,south,1710.0
9186,2018-12-31,east,1590.0
9187,2018-12-31,west,1653.0
9212,2019-01-01,north,1518.0
9213,2019-01-01,south,1632.0
9214,2019-01-01,east,1755.0
9215,2019-01-01,west,1551.0
9240,2019-01-02,north,1767.0
9241,2019-01-02,south,1605.0
9242,2019-01-02,east,1692.0
9243,2019-01-02,west,1794.0
9268,2019-01-03,north,1695.0
9269,2019-01-03,south,1737.0
9270,2019-01-03,east,1575.0
9271,2019-01-03,west,1509.0
9296,2019-01-04,north,1590.0
9297,2019-01-04,south,1500.0
9298,2019-01-04,east,1590.0
9299,2019-01-04,west,1638.0
9324,2019-01-05,north,1761.0
9325,2019-01-05,south,1590.0
9326,2019-01-05,east,1725.0
9327,2019-01-05,west,1551.0
9352,2019-01-06,north,1644.0
9353,2019-01-06,south,1779.0
9354,2019-01-06,east,1794.0
9355,2019-01-06,west,1638.0
9380,2019-01-07,north,1644.0
9381,2019-01-07,south,1647.0
9382,2019-01-07,east,1692.0
9383,2019-01-07,west,1623.0
9408,2019-01-08,north,1722.0
9409,2019-01-08,south,1551.0
9410,2019-01-08,east,1731.0
9411,2019-01-08,west,1701.0
9436,2019-01-09,north,1500.0
9437,2019-01-09,south,1764.0
9438,2019-01-09,east,1764.0
9439,2019-01-09,west,1635.0
9464,2019-01-10,north,1767.0
9465,2019-01-10,south,1551.0
9466,2019-01-10,east,1512.0
9467,2019-01-10,west,1686.0
9492,2019-01-11,north,1662.0
9493,2019-01-11,south,1512.0
9494,2019-01-11,east,1608.0
9495,2019-01-11,west,1611.0
9520,2019-01-12,north,1566.0
9521,2019-01-12,south,1773.0
9522,2019-01-12,east,1707.0
9523,2019-01-12,west,1752.0
9548,2019-01-13,north,1551.0
9549,2019-01-13,south,1503.0
9550,2019-01-13,east,1536.0
9551,2019-01-13,west,1728.0
9576,2019-01-14,north,1692.0
9577,2019-01-14,south,1521.0
9578,2019-01-14,east,1698.0
9579,2019-01-14,west,1791.0
9604,2019-01-15,north,1605.0
9605,2019-01-15,south,1761.0
9606,2019-01-15,east,1617.0
9607,2019-01-15,west,1503.0
9632,2019-01-16,north,1548.0
9633,2019-01-16,south,1734.0
9634,2019-01-16,east,1506.0
9635,2019-01-16,west,1533.0
9660,2019-01-17,north,1590.0
9661,2019-01-17,south,1707.0
9662,2019-01-17,east,1509.0
9663,2019-01-17,west,1653.0
9688,2019-01-18,north,1572.0
9689,2019-01-18,south,1563.0
9690,2019-01-18,east,1635.0
9691,2019-01-18,west,1734.0
9716,2019-01-19,north,1587.0
9717,2019-01-19,south,1506.0
9718,2019-01-19,east,1689.0
9719,2019-01-19,west,1701.0
9744,2019-01-20,north,1707.0
9745,2019-01-20,south,1557.0
9746,2019-01-20,east,1722.0
9747,2019-01-20,west,1629.0
9772,2019-01-21,north,1611.0
9773,2019-01-21,south,1515.0
9774,2019-01-21,east,1614.0
9775,2019-01-21,west,1593.0
9800,2019-01-22,north,1719.0
9801,2019-01-22,south,1506.0
9802,2019-01-22,east,1794.0
9803,2019-01-22,west,1731.0
9828,2019-01-23,north,1662.0
9829,2019-01-23,south,1728.0
9830,2019-01-23,east,1563.0
9831,2019-01-23,west,1662.0
9856,2019-01-24,north,1647.0
9857,2019-01-24,south,1638.0
9858,2019-01-24,east,1557.0
9859,2019-01-24,west,1518.0
9884,2019-01-25,north,1560.0
9885,2019-01-25,south,1656.0
9886,2019-01-25,east,1707.0
9887,2019-01-25,west,1767.0
9912,2019-01-26,north,1671.0
9913,2019-01-26,south,1686.0
9914,2019-01-26,east,1653.0
9915,2019-01-26,west,1647.0
9940,2019-01-27,north,1524.0
9941,2019-01-27,south,1503.0
9942,2019-01-27,east,1533.0
9943,2019-01-27,west,1785.0
9968,2019-01-28,north,1731.0
9969,2019-01-28,south,1782.0
9970,2019-01-28,east,1560.0
9971,2019-01-28,west,1782.0
9996,2019-01-29,north,1500.0
9997,2019-01-29,south,1728.0
9998,2019-01-29,east,1605.0
9999,2019-01-29,west,1614.0
10024,2019-01-30,north,1782.0
10025,2019-01-30,south,1638.0
10026,2019-01-30,east,1797.0
10027,2019-01-30,west,1641.0
10052,2019-01-31,north,1650.0
10053,2019-01-31,south,1536.0
10054,2019-01-31,east,1599.0
10055,2019-01-31,west,1740.0
10080,2019-02-01,north,1749.0
10081,2019-02-01,south,1581.0
10082,2019-02-01,east,1662.0
10083,2019-02-01,west,1509.0
10108,2019-02-02,north,1596.0
10109,2019-02-02,south,1638.0
10110,2019-02-02,east,1746.0
10111,2019-02-02,west,1611.0
10136,2019-02-03,north,1602.0
10137,2019-02-03,south,1722.0
10138,2019-02-03,east,1734.0
10139,2019-02-03,west,1749.0
10164,2019-02-04,north,1548.0
10165,2019-02-04,south,1647.0
10166,2019-02-04,east,1560.0
10167,2019-02-04,west,1542.0
10192,2019-02-05,north,1617.0
10193,2019-02-05,south,1659.0
10194,2019-02-05,east,1674.0
10195,2019-02-05,west,1524.0
10220,2019-02-06,north,1551.0
10221,2019-02-06,south,1722.0
10222,2019-02-06,east,1563.0
10223,2019-02-06,west,1692.0
10248,2019-02-07,north,1734.0
10249,2019-02-07,south,1584.0
10250,2019-02-07,east,1662.0
10251,2019-02-07,west,1545.0
10276,2019-02-08,north,1662.0
10277,2019-02-08,south,1614.0
10278,2019-02-08,east,1719.0
10279,2019-02-08,west,1788.0
10304,2019-02-09,north,1779.0
10305,2019-02-09,south,1665.0
10306,2019-02-09,east,1605.0
10307,2019-02-09,west,1641.0
10332,2019-02-10,north,1725.0
10333,2019-02-10,south,1611.0
10334,2019-02-10,east,1560.0
10335,2019-02-10,west,1575.0
10360,2019-02-11,north,1563.0
10361,2019-02-11,south,1773.0
10362,2019-02-11,east,1536.0
10363,2019-02-11,west,1551.0
10388,2019-02-12,north,1572.0
10389,2019-02-12,south,1608.0
10390,2019-02-12,east,1752.0
10391,2019-02-12,west,1734.0
10416,2019-02-13,north,1686.0
10417,2019-02-13,south,1782.0
10418,2019-02-13,east,1500.0
10419,2019-02-13,west,1731.0
10444,2019-02-14,north,1725.0
10445,2019-02-14,south,1578.0
10446,2019-02-14,east,1560.0
10447,2019-02-14,west,1644.0
10472,2019-02-15,north,1566.0
10473,2019-02-15,south,1584.0
10474,2019-02-15,east,1695.0
10475,2019-02-15,west,1734.0
10500,2019-02-16,north,1794.0
10501,2019-02-16,south,1731.0
10502,2019-02-16,east,1674.0
10503,2019-02-16,west,1599.0
10528,2019-02-17,north,1512.0
10529,2019-02-17,south,1653.0
10530,2019-02-17,east,1722.0
10531,2019-02-17,west,1641.0
10556,2019-02-18,north,1695.0
10557,2019-02-18,south,1749.0
10558,2019-02-18,east,1728.0
10559,2019-02-18,west,1764.0
10584,2019-02-19,north,1716.0
10585,2019-02-19,south,1599.0
10586,2019-02-19,east,1596.0
10587,2019-02-19,west,1644.0
10612,2019-02-20,north,1740.0
10613,2019-02-20,south,1641.0
10614,2019-02-20,east,1566.0
10615,2019-02-20,west,1656.0
10640,2019-02-21,north,1599.0
10641,2019-02-21,south,1725.0
10642,2019-02-21,east,1731.0
10643,2019-02-21,west,1719.0
10668,2019-02-22,north,1770.0
10669,2019-02-22,south,1794.0
10670,2019-02-22,east,1725.0
10671,2019-02-22,west,1713.0
10696,2019-02-23,north,1599.0
10697,2019-02-23,south,1743.0
10698,2019-02-23,east,1518.0
10699,2019-02-23,west,1614.0
10724,2019-02-24,north,1692.0
10725,2019-02-24,south,1755.0
10726,2019-02-24,east,1653.0
10727,2019-02-24,west,1524.0
10752,2019-02-25,north,1635.0
10753,2019-02-25,south,1734.0
10754,2019-02-25,east,1713.0
10755,2019-02-25,west,1578.0
10780,2019-02-26,north,1566.0
10781,2019-02-26,south,1653.0
10782,2019-02-26,east,1506.0
10783,2019-02-26,west,1656.0
10808,2019-02-27,north,1593.0
10809,2019-02-27,south,1545.0
10810,2019-02-27,east,1734.0
10811,2019-02-27,west,1635.0
10836,2019-02-28,north,1710.0
10837,2019-02-28,south,1569.0
10838,2019-02-28,east,1731.0
10839,2019-02-28,west,1599.0
10864,2019-03-01,north,1593.0
10865,2019-03-01,south,1707.0
10866,2019-03-01,east,1638.0
10867,2019-03-01,west,1539.0
10892,2019-03-02,north,1782.0
10893,2019-03-02,south,1794.0
10894,2019-03-02,east,1608.0
10895,2019-03-02,west,1689.0
10920,2019-03-03,north,1698.0
10921,2019-03-03,south,1518.0
10922,2019-03-03,east,1593.0
10923,2019-03-03,west,1611.0
10948,2019-03-04,north,1587.0
10949,2019-03-04,south,1686.0
10950,2019-03-04,east,1518.0
10951,2019-03-04,west,1632.0
10976,2019-03-05,north,1566.0
10977,2019-03-05,south,1569.0
10978,2019-03-05,east,1743.0
10979,2019-03-05,west,1557.0
11004,2019-03-06,north,1746.0
11005,2019-03-06,south,1662.0
11006,2019-03-06,east,1674.0
11007,2019-03-06,west,1608.0
11032,2019-03-07,north,1551.0
11033,2019-03-07,south,1581.0
11034,2019-03-07,east,1560.0
11035,2019-03-07,west,1674.0
11060,2019-03-08,north,1521.0
11061,2019-03-08,south,1782.0
11062,2019-03-08,east,1617.0
11063,2019-03-08,west,1797.0
11088,2019-03-09,north,1533.0
11089,2019-03-09,south,1749.0
11090,2019-03-09,east,1656.0
11091,2019-03-09,west,1644.0
11116,2019-03-10,north,1545.0
11117,2019-03-10,south,1776.0
11118,2019-03-10,east,1650.0
11119,2019-03-10,west,1737.0
11144,2019-03-11,north,1659.0
11145,2019-03-11,south,1722.0
11146,2019-03-11,east,1689.0
11147,2019-03-11,west,1692.0
11172,2019-03-12,north,1518.0
11173,2019-03-12,south,1581.0
11174,2019-03-12,east,1626.0
11175,2019-03-12,west,1668.0
11200,2019-03-13,north,1524.0
11201,2019-03-13,south,1797.0
11202,2019-03-13,east,1542.0
11203,2019-03-13,west,1653.0
11228,2019-03-14,north,1677.0
11229,2019-03-14,south,1524.0
11230,2019-03-14,east,1692.0
11231,2019-03-14,west,1704.0
11256,2019-03-15,north,1647.0
11257,2019-03-15,south,1671.0
11258,2019-03-15,east,1563.0
11259,2019-03-15,west,1650.0
11284,2019-03-16,north,1563.0
11285,2019-03-16,south,1680.0
11286,2019-03-16,east,1728.0
11287,2019-03-16,west,1680.0
11312,2019-03-17,north,1683.0
11313,2019-03-17,south,1638.0
11314,2019-03-17,east,1545.0
11315,2019-03-17,west,1671.0
11340,2019-03-18,north,1701.0
11341,2019-03-18,south,1515.0
11342,2019-03-18,east,1764.0
11343,2019-03-18,west,1668.0
11368,2019-03-19,north,1677.0
11369,2019-03-19,south,1752.0
11370,2019-03-19,east,1635.0
11371,2019-03-19,west,1605.0
11396,2019-03-20,north,1635.0
11397,2019-03-20,south,1596.0
11398,2019-03-20,east,1608.0
11399,2019-03-20,west,1779.0
11424,2019-03-21,north,1776.0
11425,2019-03-21,south,1635.0
11426,2019-03-21,east,1791.0
11427,2019-03-21,west,1779.0
11452,2019-03-22,north,1746.0
11453,2019-03-22,south,1545.0
11454,2019-03-22,east,1767.0
11455,2019-03-22,west,1731.0
11480,2019-03-23,north,1734.0
11481,2019-03-23,south,1509.0
11482,2019-03-23,east,1686.0
11483,2019-03-23,west,1797.0
11508,2019-03-24,north,1566.0
11509,2019-03-24,south,1557.0
11510,2019-03-24,east,1797.0
11511,2019-03-24,west,1755.0
11536,2019-03-25,north,1650.0
11537,2019-03-25,south,1500.0
11538,2019-03-25,east,1554.0
11539,2019-03-25,west,1734.0
11564,2019-03-26,north,1701.0
11565,2019-03-26,south,1782.0
11566,2019-03-26,east,1797.0
11567,2019-03-26,west,1557.0
11592,2019-03-27,north,1668.0
11593,2019-03-27,south,1575.0
11594,2019-03-27,east,1608.0
11595,2019-03-27,west,1527.0
11620,2019-03-28,north,1518.0
11621,2019-03-28,south,1509.0
11622,2019-03-28,east,1767.0
11623,2019-03-28,west,1557.0
11648,2019-03-29,north,1605.0
11649,2019-03-29,south,1686.0
11650,2019-03-29,east,1656.0
11651,2019-03-29,west,1653.0
11676,2019-03-30,north,1722.0
11677,2019-03-30,south,1593.0
11678,2019-03-30,east,1557.0
11679,2019-03-30,west,1710.0
11704,2019-03-31,north,1785.0
11705,2019-03-31,south,1710.0
11706,2019-03-31,east,1653.0
11707,2019-03-31,west,1572.0
11732,2019-04-01,north,1512.0
11733,2019-04-01,south,1794.0
11734,2019-04-01,east,1569.0
11735,2019-04-01,west,1608.0
11760,2019-04-02,north,1623.0
11761,2019-04-02,south,1791.0
11762,2019-04-02,east,1785.0
11763,2019-04-02,west,1629.0
11788,2019-04-03,north,1539.0
11789,2019-04-03,south,1626.0
11790,2019-04-03,east,1695.0
11791,2019-04-03,west,1518.0
11816,2019-04-04,north,1530.0
11817,2019-04-04,south,1683.0
11818,2019-04-04,east,1662.0
11819,2019-04-04,west,1632.0
11844,2019-04-05,north,1614.0
11845,2019-04-05,south,1605.0
11846,2019-04-05,east,1662.0
11847,2019-04-05,west,1713.0
11872,2019-04-06,north,1749.0
11873,2019-04-06,south,1713.0
11874,2019-04-06,east,1716.0
11875,2019-04-06,west,1557.0
11900,2019-04-07,north,1605.0
11901,2019-04-07,south,1635.0
11902,2019-04-07,east,1518.0
11903,2019-04-07,west,1632.0
11928,2019-04-08,north,1713.0
11929,2019-04-08,south,1779.0
11930,2019-04-08,east,1743.0
11931,2019-04-08,west,1575.0
11956,2019-04-09,north,1728.0
11957,2019-04-09,south,1719.0
11958,2019-04-09,east,1755.0
11959,2019-04-09,west,1617.0
11984,2019-04-10,north,1542.0
11985,2019-04-10,south,1626.0
11986,2019-04-10,east,1509.0
11987,2019-04-10,west,1638.0
12012,2019-04-11,north,1581.0
12013,2019-04-11,south,1680.0
12014,2019-04-11,east,1569.0
12015,2019-04-11,west,1635.0
12040,2019-04-12,north,1539.0
12041,2019-04-12,south,1587.0
12042,2019-04-12,east,1593.0
12043,2019-04-12,west,1581.0
12068,2019-04-13,north,1515.0
12069,2019-04-13,south,1611.0
12070,2019-04-13,east,1644.0
12071,2019-04-13,west,1794.0
12096,2019-04-14,north,1500.0
12097,2019-04-14,south,1737.0
12098,2019-04-14,east,1722.0
12099,2019-04-14,west,1764.0
12124,2019-04-15,north,1530.0
12125,2019-04-15,south,1602.0
12126,2019-04-15,east,1524.0
12127,2019-04-15,west,1770.0
12152,2019-04-16,north,1596.0
12153,2019-04-16,south,1668.0
12154,2019-04-16,east,1584.0
12155,2019-04-16,west,1713.0
12180,2019-04-17,north,1569.0
12181,2019-04-17,south,1686.0
12182,2019-04-17,east,1647.0
12183,2019-04-17,west,1509.0
12208,2019-04-18,north,1590.0
12209,2019-04-18,south,1650.0
12210,2019-04-18,east,1557.0
12211,2019-04-18,west,1575.0
12236,2019-04-19,north,1773.0
12237,2019-04-19,south,1629.0
12238,2019-04-19,east,1524.0
12239,2019-04-19,west,1512.0
12264,2019-04-20,north,1521.0
12265,2019-04-20,south,1653.0
12266,2019-04-20,east,1584.0
12267,2019-04-20,west,1713.0
12292,2019-04-21,north,1683.0
12293,2019-04-21,south,1749.0
12294,2019-04-21,east,1545.0
12295,2019-04-21,west,1629.0
12320,2019-04-22,north,1533.0
12321,2019-04-22,south,1587.0
12322,2019-04-22,east,1671.0
12323,2019-04-22,west,1650.0
12348,2019-04-23,north,1668.0
12349,2019-04-23,south,1674.0
12350,2019-04-23,east,1728.0
12351,2019-04-23,west,1518.0
12376,2019-04-24,north,1554.0
12377,2019-04-24,south,1719.0
12378,2019-04-24,east,1746.0
12379,2019-04-24,west,1665.0
12404,2019-04-25,north,1503.0
12405,2019-04-25,south,1692.0
12406,2019-04-25,east,1725.0
12407,2019-04-25,west,1764.0
12432,2019-04-26,north,1710.0
12433,2019-04-26,south,1635.0
12434,2019-04-26,east,1764.0
12435,2019-04-26,west,1758.0
12460,2019-04-27,north,1740.0
12461,2019-04-27,south,1776.0
12462,2019-04-27,east,1740.0
12463,2019-04-27,west,1620.0
12488,2019-04-28,north,1566.0
12489,2019-04-28,south,1704.0
12490,2019-04-28,east,1578.0
12491,2019-04-28,west,1503.0
12516,2019-04-29,north,1602.0
12517,2019-04-29,south,1791.0
12518,2019-04-29,east,1752.0
12519,2019-04-29,west,1800.0
12544,2019-04-30,north,1719.0
12545,2019-04-30,south,1767.0
12546,2019-04-30,east,1500.0
12547,2019-04-30,west,1623.0
12572,2019-05-01,north,1665.0
12573,2019-05-01,south,1800.0
12574,2019-05-01,east,1731.0
12575,2019-05-01,west,1542.0
12600,2019-05-02,north,1575.0
12601,2019-05-02,south,1548.0
12602,2019-05-02,east,1797.0
12603,2019-05-02,west,1521.0
12628,2019-05-03,north,1560.0
12629,2019-05-03,south,1521.0
12630,2019-05-03,east,1605.0
12631,2019-05-03,west,1740.0
12656,2019-05-04,north,1617.0
12657,2019-05-04,south,1743.0
12658,2019-05-04,east,1629.0
12659,2019-05-04,west,1749.0
12684,2019-05-05,north,1512.0
12685,2019-05-05,south,1746.0
12686,2019-05-05,east,1530.0
12687,2019-05-05,west,1611.0
12712,2019-05-06,north,1569.0
12713,2019-05-06,south,1689.0
12714,2019-05-06,east,1557.0
12715,2019-05-06,west,1560.0
12740,2019-05-07,north,1650.0
12741,2019-05-07,south,1695.0
12742,2019-05-07,east,1620.0
12743,2019-05-07,west,1644.0
12768,2019-05-08,north,1800.0
12769,2019-05-08,south,1515.0
12770,2019-05-08,east,1785.0
12771,2019-05-08,west,1650.0
12796,2019-05-09,north,1797.0
12797,2019-05-09,south,1641.0
12798,2019-05-09,east,1665.0
12799,2019-05-09,west,1767.0
12824,2019-05-10,north,1500.0
12825,2019-05-10,south,1788.0
12826,2019-05-10,east,1725.0
12827,2019-05-10,west,1557.0
12852,2019-05-11,north,1503.0
12853,2019-05-11,south,1518.0
12854,2019-05-11,east,1650.0
12855,2019-05-11,west,1614.0
12880,2019-05-12,north,1743.0
12881,2019-05-12,south,1524.0
12882,2019-05-12,east,1761.0
12883,2019-05-12,west,1743.0
12908,2019-05-13,north,1563.0
12909,2019-05-13,south,1716.0
12910,2019-05-13,east,1560.0
12911,2019-05-13,west,1614.0
12936,2019-05-14,north,1617.0
12937,2019-05-14,south,1761.0
12938,2019-05-14,east,1635.0
12939,2019-05-14,west,1614.0
12964,2019-05-15,north,1509.0
12965,2019-05-15,south,1650.0
12966,2019-05-15,east,1755.0
12967,2019-05-15,west,1569.0
12992,2019-05-16,north,1605.0
12993,2019-05-16,south,1695.0
12994,2019-05-16,east,1662.0
12995,2019-05-16,west,1605.0
13020,2019-05-17,north,1731.0
13021,2019-05-17,south,1590.0
13022,2019-05-17,east,1620.0
13023,2019-05-17,west,1752.0
13048,2019-05-18,north,1533.0
13049,2019-05-18,south,1737.0
13050,2019-05-18,east,1608.0
13051,2019-05-18,west,1662.0
13076,2019-05-19,north,1797.0
13077,2019-05-19,south,1728.0
13078,2019-05-19,east,1686.0
13079,2019-05-19,west,1650.0
13104,2019-05-20,north,1695.0
13105,2019-05-20,south,1752.0
13106,2019-05-20,east,1785.0
13107,2019-05-20,west,1668.0
13132,2019-05-21,north,1515.0
13133,2019-05-21,south,1683.0
13134,2019-05-21,east,1794.0
13135,2019-05-21,west,1533.0
13160,2019-05-22,north,1599.0
13161,2019-05-22,south,1761.0
13162,2019-05-22,east,1761.0
13163,2019-05-22,west,1722.0
13188,2019-05-23,north,1626.0
13189,2019-05-23,south,1668.0
13190,2019-05-23,east,1641.0
13191,2019-05-23,west,1740.0
13216,2019-05-24,north,1650.0
13217,2019-05-24,south,1623.0
13218,2019-05-24,east,1653.0
13219,2019-05-24,west,1773.0
13244,2019-05-25,north,1788.0
13245,2019-05-25,south,1581.0
13246,2019-05-25,east,1677.0
13247,2019-05-25,west,1569.0
13272,2019-05-26,north,1791.0
13273,2019-05-26,south,1617.0
13274,2019-05-26,east,1638.0
13275,2019-05-26,west,1542.0
13300,2019-05-27,north,1590.0
13301,2019-05-27,south,1704.0
13302,2019-05-27,east,1680.0
13303,2019-05-27,west,1527.0
13328,2019-05-28,north,1635.0
13329,2019-05-28,south,1755.0
13330,2019-05-28,east,1560.0
13331,2019-05-28,west,1533.0
13356,2019-05-29,north,1599.0
13357,2019-05-29,south,1677.0
13358,2019-05-29,east,1581.0
13359,2019-05-29,west,1680.0
13384,2019-05-30,north,1692.0
13385,2019-05-30,south,1644.0
13386,2019-05-30,east,1716.0
13387,2019-05-30,west,1761.0
13412,2019-05-31,north,1716.0
13413,2019-05-31,south,1764.0
13414,2019-05-31,east,1677.0
13415,2019-05-31,west,1605.0
13440,2019-06-01,north,1680.0
13441,2019-06-01,south,1695.0
13442,2019-06-01,east,1548.0
13443,2019-06-01,west,1689.0
13468,2019-06-02,north,1755.0
13469,2019-06-02,south,1707.0
13470,2019-06-02,east,1557.0
13471,2019-06-02,west,1644.0
13496,2019-06-03,north,1719.0
13497,2019-06-03,south,1680.0
13498,2019-06-03,east,1581.0
13499,2019-06-03,west,1749.0
13524,2019-06-04,north,1602.0
13525,2019-06-04,south,1704.0
13526,2019-06-04,east,1602.0
13527,2019-06-04,west,1554.0
13552,2019-06-05,north,1632.0
13553,2019-06-05,south,1560.0
13554,2019-06-05,east,1647.0
13555,2019-06-05,west,1560.0
13580,2019-06-06,north,1662.0
13581,2019-06-06,south,1545.0
13582,2019-06-06,east,1614.0
13583,2019-06-06,west,1746.0
13608,2019-06-07,north,1713.0
13609,2019-06-07,south,1668.0
13610,2019-06-07,east,1503.0
13611,2019-06-07,west,1758.0
13636,2019-06-08,north,1656.0
13637,2019-06-08,south,1560.0
13638,2019-06-08,east,1710.0
13639,2019-06-08,west,1677.0
13664,2019-06-09,north,1782.0
13665,2019-06-09,south,1665.0
13666,2019-06-09,east,1782.0
13667,2019-06-09,west,1797.0
13692,2019-06-10,north,1698.0
13693,2019-06-10,south,1689.0
13694,2019-06-10,east,1623.0
13695,2019-06-10,west,1767.0
